Title,Date
"ザ・コード: シーズン1: エピソード3","2020/05/27"
"ザ・コード: シーズン1: エピソード2","2020/05/26"
"ザ・コード: シーズン1: エピソード1","2020/05/25"
"ファウンダー ハンバーガー帝国のヒミツ","2020/05/22"
"タイラー・レイク －命の奪還－","2020/05/21"
"最高の人生のはじめ方","2020/05/21"
"日本で一番悪い奴ら","2020/05/19"
"テラスハウス: Tokyo 2019-2020: パート1: We're Back in Tokyo","2020/05/19"
"テラスハウス: Tokyo 2019-2020: パート4: Woman Who Makes Everyone Dream","2020/05/19"
"テラスハウス: Tokyo 2019-2020: パート4: Life-Threatening Date","2020/05/19"
"キングダム: 第1シリーズ: 無名の少年","2020/05/19"
"キングダム: 第3シリーズ: 二つの戦場","2020/05/19"
"キングダム: 第3シリーズ: 函谷関攻防戦","2020/05/19"
"キングダム: 第3シリーズ: 一堂に会す","2020/05/19"
"はじまりのうた","2020/05/18"
"アメリカン・パイ","2020/05/09"
"アルゴ","2020/05/07"
"イコライザー","2020/05/06"
"ゾンビ・サファリパーク","2020/05/06"
"新感染 ファイナル・エクスプレス","2020/05/06"
"ラブ・イズ・ブラインド ～外見なんて関係ない?!～: シーズン1: 同棲(どうせい)開始","2020/04/30"
"ラブ・イズ・ブラインド ～外見なんて関係ない?!～: シーズン1: 楽園での最後の夜","2020/04/30"
"ホステル","2020/04/29"
"愛の不時着: シーズン1: エピソード1","2020/04/29"
"ラブ・イズ・ブラインド ～外見なんて関係ない?!～: シーズン1: 恋人たちの甘い時間","2020/04/27"
"ラブ・イズ・ブラインド ～外見なんて関係ない?!～: シーズン1: 初めての夜","2020/04/27"
"ラブ・イズ・ブラインド ～外見なんて関係ない?!～: シーズン1: 結婚してくれる?","2020/04/27"
"ラブ・イズ・ブラインド ～外見なんて関係ない?!～: シーズン1: 外見なんて関係ない?","2020/04/27"
"ベンジャミン・バトン 数奇な人生","2020/04/27"
"梨泰院クラス: シーズン1: エピソード16","2020/04/27"
"梨泰院クラス: シーズン1: エピソード15","2020/04/27"
"梨泰院クラス: シーズン1: エピソード14","2020/04/27"
"梨泰院クラス: シーズン1: エピソード13","2020/04/27"
"梨泰院クラス: シーズン1: エピソード12","2020/04/27"
"梨泰院クラス: シーズン1: エピソード11","2020/04/27"
"梨泰院クラス: シーズン1: エピソード10","2020/04/26"
"梨泰院クラス: シーズン1: エピソード9","2020/04/26"
"梨泰院クラス: シーズン1: エピソード8","2020/04/26"
"梨泰院クラス: シーズン1: エピソード7","2020/04/26"
"梨泰院クラス: シーズン1: エピソード6","2020/04/26"
"梨泰院クラス: シーズン1: エピソード5","2020/04/26"
"梨泰院クラス: シーズン1: エピソード4","2020/04/26"
"梨泰院クラス: シーズン1: エピソード3","2020/04/26"
"梨泰院クラス: シーズン1: エピソード2","2020/04/26"
"梨泰院クラス: シーズン1: エピソード1","2020/04/25"
"攻殻機動隊 SAC_2045: シーズン1: NOSTALGIA / すべてがNになる。","2020/04/25"
"攻殻機動隊 SAC_2045: シーズン1: EDGELORD / 14歳革命","2020/04/25"
"攻殻機動隊 SAC_2045: シーズン1: NET PEOPLE / 炎上に至る理由","2020/04/25"
"攻殻機動隊 SAC_2045: シーズン1: IDENTITY THEFT / 一人きりの闘争","2020/04/25"
"攻殻機動隊 SAC_2045: シーズン1: ASSEMBLE / トグサの死によってもたらされる事象","2020/04/25"
"攻殻機動隊 SAC_2045: シーズン1: PIE IN THE SKY / はじめての銀行強盗","2020/04/25"
"攻殻機動隊 SAC_2045: シーズン1: DISCLOSURE / 量子化された福音","2020/04/25"
"攻殻機動隊 SAC_2045: シーズン1: PATRICK HUGE / 神からの贈り物","2020/04/25"
"攻殻機動隊 SAC_2045: シーズン1: SACRIFICIAL PAWN / 分界よりの使者","2020/04/25"
"攻殻機動隊 SAC_2045: シーズン1: MAVERICK / 作戦行動中行方不明","2020/04/25"
"攻殻機動隊 SAC_2045: シーズン1: AT YOUR OWN RISK / 壁が隔てるもの","2020/04/25"
"攻殻機動隊 SAC_2045: シーズン1: NO NOISE NO LIFE / 持続可能戦争","2020/04/25"
"愛の不時着: シーズン1: エピソード16","2020/04/24"
"愛の不時着: シーズン1: エピソード15","2020/04/24"
"愛の不時着: シーズン1: エピソード14","2020/04/24"
"愛の不時着: シーズン1: エピソード13","2020/04/24"
"愛の不時着: シーズン1: エピソード12","2020/04/24"
"愛の不時着: シーズン1: エピソード11","2020/04/23"
"愛の不時着: シーズン1: エピソード10","2020/04/23"
"愛の不時着: シーズン1: エピソード9","2020/04/23"
"愛の不時着: シーズン1: エピソード8","2020/04/23"
"愛の不時着: シーズン1: エピソード7","2020/04/23"
"愛の不時着: シーズン1: エピソード6","2020/04/22"
"愛の不時着: シーズン1: エピソード5","2020/04/22"
"愛の不時着: シーズン1: エピソード4","2020/04/22"
"愛の不時着: シーズン1: エピソード3","2020/04/22"
"愛の不時着: シーズン1: エピソード2","2020/04/22"
"ザ・サイレンス 闇のハンター","2020/04/22"
"ザ・ジレンマ: もうガマンできない?!: シーズン1: 欲望に負けたら一文無し","2020/04/19"
"ザ・ジレンマ: もうガマンできない?!: シーズン1: 男より女友達","2020/04/19"
"ザ・ジレンマ: もうガマンできない?!: シーズン1: ビビっとこない","2020/04/19"
"ザ・ジレンマ: もうガマンできない?!: シーズン1: 大人の男になるには","2020/04/19"
"ザ・ジレンマ: もうガマンできない?!: シーズン1: 2人ならカップル、3人だと3P","2020/04/19"
"ザ・ジレンマ: もうガマンできない?!: シーズン1: 仇(かたき)は熱いうちに打て","2020/04/19"
"ザ・ジレンマ: もうガマンできない?!: シーズン1: 規則破りの予感","2020/04/19"
"ザ・ジレンマ: もうガマンできない?!: シーズン1: 愛かセックスか賞金か","2020/04/19"
"クローバーフィールド・パラドックス","2020/04/19"
"ディープ・インパクト","2020/04/19"
"テラスハウス: Tokyo 2019-2020: パート4: Never Forgive Luigi","2020/04/14"
"キングダム: 第3シリーズ: 迫り来る合従軍","2020/04/14"
"コンカッション","2020/04/14"
"テラスハウス: Tokyo 2019-2020: パート4: Always Remembered","2020/04/08"
"フォーカス","2020/04/05"
"トレーニング デイ","2020/04/05"
"鬼滅の刃: 残酷","2020/04/05"
"七つの大罪: 眠れる森の罪","2020/04/05"
"七つの大罪: 聖騎士の剣","2020/04/05"
"七つの大罪: 七つの大罪","2020/04/05"
"テラスハウス: Tokyo 2019-2020: パート4: Case of The Costume Incident","2020/04/01"
"テラスハウス: Tokyo 2019-2020: パート4: Another Terrace!!","2020/03/24"
"アメリカン・サマー・ストーリー アメリカン・パイ2","2020/03/22"
"オルタード・カーボン: リスリーブド","2020/03/22"
"最初に父が殺された","2020/03/22"
"GODZILLA ゴジラ","2020/03/21"
"スペンサー・コンフィデンシャル","2020/03/21"
"カメラを止めるな!","2020/03/15"
"キングダム: 第2シリーズ: 新たなる伝説","2020/03/15"
"キングダム: 第2シリーズ: 謀略の舞台","2020/03/15"
"キングダム: 第2シリーズ: 遠雷","2020/03/15"
"キングダム: 第2シリーズ: 上を行く","2020/03/15"
"キングダム: 第2シリーズ: 試練と覚悟","2020/03/15"
"キングダム: 第2シリーズ: 軍師の到着","2020/03/15"
"キングダム: 第2シリーズ: 色褪せぬ時代","2020/03/15"
"キングダム: 第2シリーズ: 蒙驁、退かず","2020/03/15"
"キングダム: 第2シリーズ: 大事な仲間","2020/03/15"
"キングダム: 第2シリーズ: 一瞬","2020/03/14"
"キングダム: 第2シリーズ: 最後の策","2020/03/14"
"キングダム: 第2シリーズ: 決着の刻","2020/03/14"
"キングダム: 第2シリーズ: 将の器","2020/03/14"
"キングダム: 第2シリーズ: 裏の裏","2020/03/14"
"キングダム: 第2シリーズ: 越えるべき壁","2020/03/14"
"キングダム: 第2シリーズ: 三隊共闘","2020/03/14"
"キングダム: 第2シリーズ: 蒙恬の提案","2020/03/14"
"キングダム: 第2シリーズ: 盗賊対軍略家","2020/03/14"
"キングダム: 第2シリーズ: 飛信隊逆襲","2020/03/14"
"キングダム: 第2シリーズ: 玄峰の奇策","2020/03/14"
"キングダム: 第2シリーズ: 激突！","2020/03/14"
"キングダム: 第2シリーズ: 開戦前夜","2020/03/14"
"キングダム: 第2シリーズ: 真夜中の大将軍","2020/03/14"
"キングダム: 第2シリーズ: 武将の空気","2020/03/13"
"キングダム: 第2シリーズ: 高狼城攻略","2020/03/13"
"キングダム: 第2シリーズ: その男、廉頗","2020/03/13"
"キングダム: 第2シリーズ: 俺の戦り方","2020/03/13"
"キングダム: 第2シリーズ: 揃い踏み","2020/03/13"
"キングダム: 第2シリーズ: 砕けた愛","2020/03/13"
"テラスハウス: Tokyo 2019-2020: パート3: Angel","2020/03/13"
"キングダム: 第2シリーズ: つなぐ願い","2020/03/12"
"キングダム: 第2シリーズ: 政と紫夏","2020/03/12"
"キングダム: 第2シリーズ: 呪われた王子","2020/03/12"
"キングダム: 第2シリーズ: 美しき猛毒","2020/03/12"
"キングダム: 第2シリーズ: 三勢力","2020/03/12"
"キングダム: 第2シリーズ: 王と蟻","2020/03/12"
"キングダム: 第2シリーズ: 嵐の祝宴","2020/03/12"
"キングダム: 第2シリーズ: 静かなる戦場","2020/03/12"
"キングダム: 第2シリーズ: 新時代","2020/03/11"
"キングダム: 第1シリーズ: 継承","2020/03/11"
"キングダム: 第1シリーズ: 我、死線にあり","2020/03/11"
"キングダム: 第1シリーズ: 王騎と摎","2020/03/11"
"キングダム: 第1シリーズ: 総大将 見える","2020/03/11"
"キングダム: 第1シリーズ: 真打ち","2020/03/11"
"キングダム: 第1シリーズ: 王騎 出陣!","2020/03/11"
"キングダム: 第1シリーズ: 敗走の飛信隊","2020/03/11"
"キングダム: 第1シリーズ: 集の力","2020/03/11"
"キングダム: 第1シリーズ: 天災","2020/03/10"
"キングダム: 第1シリーズ: 戦局急転","2020/03/10"
"キングダム: 第1シリーズ: 王騎の飛矢","2020/03/10"
"キングダム: 第1シリーズ: 飛信隊誕生","2020/03/10"
"キングダム: 第1シリーズ: 龐煖","2020/03/10"
"キングダム: 第1シリーズ: 任命","2020/03/10"
"キングダム: 第1シリーズ: 新たなる試練","2020/03/10"
"キングダム: 第1シリーズ: 夜語り","2020/03/10"
"キングダム: 第1シリーズ: 知将対猛将","2020/03/09"
"キングダム: 第1シリーズ: 将軍の意味","2020/03/09"
"キングダム: 第1シリーズ: 王騎乱入","2020/03/09"
"キングダム: 第1シリーズ: 烈火の戦い","2020/03/09"
"キングダム: 第1シリーズ: 戦車隊の脅威","2020/03/09"
"キングダム: 第1シリーズ: 初陣","2020/03/09"
"キングダム: 第1シリーズ: 呂不韋","2020/03/09"
"キングダム: 第1シリーズ: 王の資格","2020/03/09"
"キングダム: 第1シリーズ: 剣の力","2020/03/09"
"キングダム: 第1シリーズ: ランカイ吠える","2020/03/09"
"キングダム: 第1シリーズ: 究極の一刀","2020/03/09"
"キングダム: 第1シリーズ: 激戦開始","2020/03/09"
"キングダム: 第1シリーズ: 王都突入","2020/03/09"
"キングダム: 第1シリーズ: いざ咸陽へ","2020/03/09"
"キングダム: 第1シリーズ: それぞれの夢","2020/03/09"
"キングダム: 第1シリーズ: 恐ろしき山の民","2020/03/09"
"キングダム: 第1シリーズ: 大将軍への道","2020/03/08"
"キングダム: 第1シリーズ: 折れない心","2020/03/08"
"キングダム: 第1シリーズ: 王と剣","2020/03/08"
"キングダム: 第1シリーズ: 友よ…!","2020/03/08"
"キングダム: 第1シリーズ: 運命の出会い","2020/03/08"
"テラスハウス: Tokyo 2019-2020: パート3: The Monster in the Hallway","2020/03/03"
"テラスハウス: Tokyo 2019-2020: パート3: Case of The Bottled Beer Incident","2020/02/27"
"ものすごくうるさくて、ありえないほど近い","2020/02/24"
"ヒトラー 〜最期の12日間〜","2020/02/22"
"テラスハウス: Tokyo 2019-2020: パート3: Half Blue","2020/02/19"
"シャザム!","2020/02/12"
"オンリー・ザ・ブレイブ","2020/02/10"
"チャッピー","2020/02/09"
"ザ・リトル・マーメイド","2020/02/09"
"スポットライト 世紀のスクープ","2020/02/08"
"クレイマー、クレイマー","2020/02/07"
"LION/ライオン ～25年目のただいま～","2020/02/07"
"テラスハウス: Tokyo 2019-2020: パート3: I Hate You","2020/02/05"
"パージ","2020/02/02"
"ナイトアース: リミテッドシリーズ: ねむらない街","2020/02/01"
"ナイトアース: リミテッドシリーズ: ジャングルの夜","2020/02/01"
"ナイトアース: リミテッドシリーズ: こごえる夜","2020/02/01"
"ナイトアース: リミテッドシリーズ: 月明かりの平原","2020/02/01"
"ナイトアース: リミテッドシリーズ: 真っ暗な海","2020/02/01"
"アイ・アム・ア・キラー ～殺人鬼の独白～: シーズン1: 責任能力あり","2020/02/01"
"パージ: アナーキー","2020/02/01"
"ハイドリヒを撃て! 「ナチの野獣」暗殺作戦","2020/01/31"
"シュガー・マウンテン","2020/01/30"
"アイ・アム・ア・キラー ～殺人鬼の独白～: シーズン1: 確定的殺意","2020/01/30"
"アイ・アム・ア・キラー ～殺人鬼の独白～: シーズン1: 悪魔への共鳴","2020/01/30"
"アイ・アム・ア・キラー ～殺人鬼の独白～: シーズン1: モッキングバードの主張","2020/01/30"
"アイ・アム・ア・キラー ～殺人鬼の独白～: シーズン1: 刑法上の殺人罪","2020/01/30"
"アイ・アム・ア・キラー ～殺人鬼の独白～: シーズン1: 手段としての殺人","2020/01/30"
"マネー・ショート 華麗なる大逆転","2020/01/28"
"トランスフォーマー/ロストエイジ","2020/01/28"
"テラスハウス: Tokyo 2019-2020: パート3: Publicity Stunt","2020/01/28"
"HOMIE KEI ～チカーノになった日本人～","2020/01/26"
"ベイツ・モーテル: シーズン4: 心に開いた穴","2020/01/25"
"ベイツ・モーテル: シーズン4: 家に帰りたい","2020/01/24"
"ベイツ・モーテル: シーズン4: 愛するということ","2020/01/24"
"バリー・シール/アメリカをはめた男","2020/01/23"
"テラスハウス: Tokyo 2019-2020: パート3: Not Guilty","2020/01/21"
"ベイツ・モーテル: シーズン4: 歪んでいく現実","2020/01/21"
"ベイツ・モーテル: シーズン4: ひとときの暖かい光","2020/01/21"
"ベイツ・モーテル: シーズン4: 死が二人を分かつまで","2020/01/21"
"ベイツ・モーテル: シーズン4: おやすみ、ママ","2020/01/21"
"ベイツ・モーテル: シーズン4: もう誰にも止められない","2020/01/21"
"ベイツ・モーテル: シーズン3: 愛憎が生んだ幻覚","2020/01/21"
"ベイツ・モーテル: シーズン3: 崩壊の道へ","2020/01/21"
"ベイツ・モーテル: シーズン3: 落とし穴","2020/01/21"
"ベイツ・モーテル: シーズン3: 最後の晩餐","2020/01/21"
"ベイツ・モーテル: シーズン3: もう一人のノーマ","2020/01/21"
"ベイツ・モーテル: シーズン3: 取り引き","2020/01/21"
"ベイツ・モーテル: シーズン3: 三角関係","2020/01/21"
"ベイツ・モーテル: シーズン3: 記憶の底から","2020/01/21"
"ベイツ・モーテル: シーズン3: パーティーへの招待状","2020/01/21"
"ベイツ・モーテル: シーズン3: 家族の死","2020/01/20"
"ベイツ・モーテル: シーズン2: 幻覚の中の真実","2020/01/20"
"ベイツ・モーテル: シーズン2: 閉ざされた場所","2020/01/20"
"ベイツ・モーテル: シーズン2: こわれゆく少年","2020/01/20"
"ベイツ・モーテル: シーズン2: 推定無罪","2020/01/20"
"ベイツ・モーテル: シーズン2: 危険な選択","2020/01/20"
"ベイツ・モーテル: シーズン2: エスケープ・アーティスト","2020/01/20"
"ベイツ・モーテル: シーズン2: 記憶と生きる","2020/01/20"
"ベイツ・モーテル: シーズン2: 過去の訪問者","2020/01/20"
"ベイツ・モーテル: シーズン2: 疑惑の影","2020/01/20"
"ベイツ・モーテル: シーズン2: 忘れ得ぬ女","2020/01/20"
"ベイツ・モーテル: シーズン1: 暗闇","2020/01/20"
"ベイツ・モーテル: シーズン1: 溺れゆく女","2020/01/20"
"ベイツ・モーテル: シーズン1: ノーマンと子犬","2020/01/20"
"ベイツ・モーテル: シーズン1: 9号室の男","2020/01/19"
"ベイツ・モーテル: シーズン1: 真実","2020/01/19"
"ベイツ・モーテル: シーズン1: 証拠","2020/01/19"
"ベイツ・モーテル: シーズン1: 信頼","2020/01/19"
"ベイツ・モーテル: シーズン1: 僕は普通じゃない","2020/01/19"
"ベイツ・モーテル: シーズン1: 怪しい町","2020/01/19"
"ベイツ・モーテル: シーズン1: 始まりの場所","2020/01/19"
"テラスハウス: Tokyo 2019-2020: パート3: About Love","2020/01/15"
"鬼滅の刃: 新たなる任務","2020/01/13"
"鬼滅の刃: 継子・栗花落カナヲ","2020/01/13"
"鬼滅の刃: 機能回復訓練","2020/01/13"
"鬼滅の刃: 柱合会議","2020/01/13"
"鬼滅の刃: お館様","2020/01/13"
"鬼滅の刃: 隊律違反","2020/01/13"
"鬼滅の刃: 寄せ集めの家族","2020/01/13"
"鬼滅の刃: ヒノカミ","2020/01/13"
"鬼滅の刃: 偽物の絆","2020/01/13"
"鬼滅の刃: ひとつのことを極め抜け","2020/01/13"
"鬼滅の刃: 自分ではない誰かを前へ","2020/01/13"
"鬼滅の刃: 那田蜘蛛山","2020/01/13"
"鬼滅の刃: 藤の花の家紋の家","2020/01/13"
"鬼滅の刃: 命より大事なもの","2020/01/13"
"鬼滅の刃: 猪は牙を剥き 善逸は眠る","2020/01/13"
"鬼滅の刃: 鼓の屋敷","2020/01/13"
"鬼滅の刃: ずっと一緒にいる","2020/01/13"
"鬼滅の刃: 手毬鬼と矢印鬼","2020/01/13"
"鬼滅の刃: 幻惑の血の香り","2020/01/13"
"鬼滅の刃: 鬼舞辻無慘","2020/01/13"
"鬼滅の刃: 鬼を連れた剣士","2020/01/13"
"鬼滅の刃: 己の鋼","2020/01/13"
"鬼滅の刃: 最終選別","2020/01/13"
"鬼滅の刃: 錆兎と真菰","2020/01/13"
"鬼滅の刃: 育手・鱗滝左近次","2020/01/12"
"Dr.STONE: シーズン1: STONE WORLD","2020/01/12"
"チャーチル ノルマンディーの決断","2020/01/09"
"ジャーヘッド","2020/01/07"
"ロスト・イン・スペース: シーズン2: 97名","2020/01/04"
"ロスト・イン・スペース: シーズン2: だまし合い","2020/01/04"
"ロスト・イン・スペース: シーズン2: 匿名の取引相手","2020/01/04"
"ロスト・イン・スペース: シーズン2: 進化","2020/01/04"
"ロスト・イン・スペース: シーズン2: 寸断状態","2020/01/04"
"ロスト・イン・スペース: シーズン2: 自分の足で","2020/01/04"
"ロスト・イン・スペース: シーズン2: スケアクロウ","2020/01/04"
"ロスト・イン・スペース: シーズン2: 過去からのこだま","2020/01/04"
"ロスト・イン・スペース: シーズン2: 断崖絶壁","2020/01/04"
"ロスト・イン・スペース: シーズン2: 孤立無援の戦い","2020/01/04"
"ジャングル ギンズバーグ19日間の軌跡","2020/01/03"
"Ｘ-ミッション","2020/01/03"
"フィフス・ウェイブ","2020/01/03"
"TERRACE HOUSE: オープニング・ニュー・ドアーズ: Part 6: Departure Whistle","2020/01/03"
"TERRACE HOUSE: オープニング・ニュー・ドアーズ: Part 6: Walking Ritz-Carlton","2020/01/03"
"TERRACE HOUSE: オープニング・ニュー・ドアーズ: Part 6: Still a Virgin","2020/01/03"
"TERRACE HOUSE: オープニング・ニュー・ドアーズ: Part 6: No Longer a Virgin","2020/01/03"
"TERRACE HOUSE: オープニング・ニュー・ドアーズ: Part 6: Tattling","2020/01/02"
"TERRACE HOUSE: オープニング・ニュー・ドアーズ: Part 6: Only the Apple Was Watching","2020/01/02"
"TERRACE HOUSE: オープニング・ニュー・ドアーズ: Part 6: Booger Boy and Snoring Boy","2020/01/02"
"TERRACE HOUSE: オープニング・ニュー・ドアーズ: Part 6: To Have Become Critical","2020/01/02"
"TERRACE HOUSE: オープニング・ニュー・ドアーズ: Part 6: Embarrassing Rejections","2020/01/02"
"TERRACE HOUSE: オープニング・ニュー・ドアーズ: Part 5: A Man Who Can't be Described in Japanese","2020/01/02"
"TERRACE HOUSE: オープニング・ニュー・ドアーズ: Part 5: Like a Long Spell of Autumn Rain","2020/01/02"
"TERRACE HOUSE: オープニング・ニュー・ドアーズ: Part 5: The Goal-Getter and the Goalless","2020/01/02"
"TERRACE HOUSE: オープニング・ニュー・ドアーズ: Part 5: First and Last Date","2020/01/02"
"TERRACE HOUSE: オープニング・ニュー・ドアーズ: Part 5: Take Shelter from the Rain","2020/01/01"
"TERRACE HOUSE: オープニング・ニュー・ドアーズ: Part 5: Young Faces","2020/01/01"
"TERRACE HOUSE: オープニング・ニュー・ドアーズ: Part 5: Bye Bye, Miss Terrace House","2020/01/01"
"TERRACE HOUSE: オープニング・ニュー・ドアーズ: Part 5: It’s Someone Else","2020/01/01"
"TERRACE HOUSE: オープニング・ニュー・ドアーズ: Part 4: The Last Love","2020/01/01"
"TERRACE HOUSE: オープニング・ニュー・ドアーズ: Part 4: Rambling Rose","2020/01/01"
"TERRACE HOUSE: オープニング・ニュー・ドアーズ: Part 4: A Farce","2020/01/01"
"TERRACE HOUSE: オープニング・ニュー・ドアーズ: Part 4: Confessing Love at the Chapel","2020/01/01"
"TERRACE HOUSE: オープニング・ニュー・ドアーズ: Part 4: Declaration of War","2020/01/01"
"TERRACE HOUSE: オープニング・ニュー・ドアーズ: Part 4: On the Night of Camp...","2020/01/01"
"TERRACE HOUSE: オープニング・ニュー・ドアーズ: Part 4: Better Than You","2020/01/01"
"TERRACE HOUSE: オープニング・ニュー・ドアーズ: Part 4: The Fallen Angel","2020/01/01"
"TERRACE HOUSE: オープニング・ニュー・ドアーズ: Part 3: Kiss Out Of Nowhere","2020/01/01"
"TERRACE HOUSE: オープニング・ニュー・ドアーズ: Part 3: Meccha Me Too","2020/01/01"
"TERRACE HOUSE: オープニング・ニュー・ドアーズ: Part 3: Virgin","2020/01/01"
"TERRACE HOUSE: オープニング・ニュー・ドアーズ: Part 3: Tune-Up","2020/01/01"
"TERRACE HOUSE: オープニング・ニュー・ドアーズ: Part 3: A Fairy on a Split Road","2020/01/01"
"TERRACE HOUSE: オープニング・ニュー・ドアーズ: Part 3: The Second Attempt","2019/12/31"
"TERRACE HOUSE: オープニング・ニュー・ドアーズ: Part 3: Flower Bouquet for My Valentine","2019/12/31"
"TERRACE HOUSE: オープニング・ニュー・ドアーズ: Part 3: Sinful Cleavage","2019/12/31"
"TERRACE HOUSE: オープニング・ニュー・ドアーズ: Part 2: Life is Just a Little Too Late","2019/12/31"
"TERRACE HOUSE: オープニング・ニュー・ドアーズ: Part 2: The Mustache Tells the Story of Love","2019/12/31"
"TERRACE HOUSE: オープニング・ニュー・ドアーズ: Part 2: The Birthday That Decided Their Fate","2019/12/31"
"TERRACE HOUSE: オープニング・ニュー・ドアーズ: Part 2: She Asks Too Much For Love","2019/12/31"
"TERRACE HOUSE: オープニング・ニュー・ドアーズ: Part 2: If Only You Were Five Years Younger","2019/12/31"
"テラスハウス: Tokyo 2019-2020: パート3: Starving for Affection","2019/12/31"
"モリーズ・ゲーム","2019/12/31"
"クローバーフィールド/HAKAISHA","2019/12/30"
"ボウリング・フォー・コロンバイン","2019/12/29"
"Ray/レイ","2019/12/29"
"人志松本のすべらない話: シーズン1: ザ・ゴールデンSP3","2019/12/28"
"リック・アンド・モーティ: シーズン1: アドベンチャーのはじまり","2019/12/28"
"Dr.STONE: シーズン1: 声は無限の彼方へ","2019/12/26"
"Dr.STONE: シーズン1: 科学の波","2019/12/26"
"最後の追跡","2019/12/25"
"テラスハウス: Tokyo 2019-2020: パート3: I Can't Be Here","2019/12/24"
"ロスト・イン・スペース: シーズン1: 迫りくる危険","2019/12/18"
"ロスト・イン・スペース: シーズン1: それぞれの復活","2019/12/18"
"テラスハウス: Tokyo 2019-2020: パート3: Internationalization at Once","2019/12/18"
"ロスト・イン・スペース: シーズン1: 軌道を目指して","2019/12/17"
"ロスト・イン・スペース: シーズン1: プレッシャーとの戦い","2019/12/17"
"ロスト・イン・スペース: シーズン1: 追悼","2019/12/17"
"ロスト・イン・スペース: シーズン1: 伝えたいメッセージ","2019/12/17"
"ロスト・イン・スペース: シーズン1: ロビンソン一家参上","2019/12/17"
"ロスト・イン・スペース: シーズン1: 侵入者","2019/12/16"
"ロスト・イン・スペース: シーズン1: 空に浮かぶダイヤモンド","2019/12/15"
"ロスト・イン・スペース: シーズン1: 衝撃","2019/12/15"
"クロース: 孤独のボディーガード","2019/12/15"
"6アンダーグラウンド","2019/12/15"
"ブラック・スキャンダル","2019/12/12"
"テラスハウス: Tokyo 2019-2020: パート3: The Girls Can't Do It","2019/12/10"
"ジパング: シーズン1: 戻るべきところ","2019/12/10"
"ジパング: シーズン1: 帰還","2019/12/10"
"ジパング: シーズン1: 死者と生者","2019/12/09"
"ジパング: シーズン1: ワスプ撃沈","2019/12/09"
"ジパング: シーズン1: 警告","2019/12/09"
"ジパング: シーズン1: 1対40","2019/12/09"
"ジパング: シーズン1: 伊・21号","2019/12/09"
"ジパング: シーズン1: もうひとつの参謀本部","2019/12/09"
"ジパング: シーズン1: 再会","2019/12/09"
"ジパング: シーズン1: ジパング胎動","2019/12/09"
"ジパング: シーズン1: 岡村少佐の意志","2019/12/09"
"ジパング: シーズン1: 生者と死者","2019/12/09"
"ジパング: シーズン1: 激突!","2019/12/09"
"ジパング: シーズン1: 黄金の国","2019/12/09"
"ジパング: シーズン1: サジタリウスの矢","2019/12/09"
"ジパング: シーズン1: ガダルカナル島","2019/12/09"
"ジパング: シーズン1: 交流","2019/12/09"
"ジパング: シーズン1: デッドライン","2019/12/09"
"ジパング: シーズン1: 追跡者","2019/12/08"
"ジパング: シーズン1: マレー鉄道","2019/12/08"
"ジパング: シーズン1: 攻撃命令","2019/12/08"
"ジパング: シーズン1: 草加の選択","2019/12/08"
"ジパング: シーズン1: みらいの戦闘","2019/12/08"
"ジパング: シーズン1: 漂流者","2019/12/08"
"ジパング: シーズン1: ミッドウェー","2019/12/08"
"ジパング: シーズン1: みらい出港","2019/12/08"
"白鯨との闘い","2019/12/08"
"ダークタワー","2019/12/08"
"アクアマン","2019/12/08"
"サバイバー: 宿命の大統領: シーズン2: 3通の手紙","2019/12/05"
"サバイバー: 宿命の大統領: シーズン2: 帰る場所","2019/12/05"
"Dr.STONE: シーズン1: THE TREASURE","2019/12/05"
"ジュマンジ/ウェルカム・トゥ・ジャングル","2019/12/04"
"男たちの大和／Yamato","2019/12/02"
"カイジ 動物世界","2019/12/02"
"ダイバージェントFINAL","2019/12/01"
"ダイバージェント NEO","2019/12/01"
"ダイバージェント","2019/12/01"
"バーニング・オーシャン","2019/12/01"
"スカイ・クロラ　The Sky Crawlers","2019/11/30"
"エージェント:ライアン","2019/11/29"
"テラスハウス: Tokyo 2019-2020: パート2: Pink Rose","2019/11/28"
"家に帰ると妻が必ず死んだふりをしています。","2019/11/28"
"Dr.STONE: シーズン1: スパルタ工作クラブ","2019/11/28"
"WWII最前線: カラーで甦る第二次世界大戦: シーズン1: 電撃戦","2019/11/28"
"オザークへようこそ: シーズン1: ルースの物語","2019/11/24"
"オザークへようこそ: シーズン1: 運命の日々","2019/11/24"
"オザークへようこそ: シーズン1: アドリブでいこう","2019/11/24"
"Ｊ・エドガー","2019/11/23"
"ロスト・シティZ 失われた黄金都市","2019/11/23"
"オザークへようこそ: シーズン1: 眠れない夜","2019/11/22"
"Dr.STONE: シーズン1: 動力の時代","2019/11/22"
"オザークへようこそ: シーズン1: ブルーキャット","2019/11/22"
"オザークへようこそ: シーズン1: シュガーウッド","2019/11/22"
"テラスハウス: Tokyo 2019-2020: パート2: Friendship Between Men and Women","2019/11/19"
"サバイバー: 宿命の大統領: シーズン2: 家族の絆","2019/11/18"
"クリミナル 2人の記憶を持つ男","2019/11/17"
"ターミネーター4","2019/11/16"
"ターミネーター: 新起動/ジェニシス","2019/11/16"
"ターミネーター3","2019/11/16"
"Dr.STONE: シーズン1: そして現代へ","2019/11/15"
"テラスハウス: Tokyo 2019-2020: パート2: Tip Off","2019/11/15"
"Dr.STONE: シーズン1: STONE WARS","2019/11/09"
"サバイバー: 宿命の大統領: シーズン2: 2隻の船","2019/11/06"
"サバイバー: 宿命の大統領: シーズン2: 寄生虫","2019/11/06"
"テラスハウス: Tokyo 2019-2020: パート2: Too Shy Girl","2019/11/06"
"サバイバー: 宿命の大統領: シーズン2: 均衡の崩れ","2019/11/05"
"サバイバー: 宿命の大統領: シーズン2: 感染症の勃発","2019/11/04"
"サバイバー: 宿命の大統領: シーズン2: 最後の一刺し","2019/11/04"
"サバイバー: 宿命の大統領: シーズン2: 就任1周年","2019/11/04"
"サバイバー: 宿命の大統領: シーズン1: 衝撃に備えて","2019/11/04"
"サバイバー: 宿命の大統領: シーズン1: 爆弾記事","2019/11/04"
"サバイバー: 宿命の大統領: シーズン1: 別の立場で","2019/11/04"
"サバイバー: 宿命の大統領: シーズン1: 蘇りし男","2019/11/04"
"サバイバー: 宿命の大統領: シーズン1: 9人目の候補者","2019/11/03"
"サバイバー: 宿命の大統領: シーズン1: 党派の壁","2019/11/03"
"サバイバー: 宿命の大統領: シーズン1: 100日構想","2019/11/03"
"サバイバー: 宿命の大統領: シーズン1: 最高司令官","2019/11/03"
"サバイバー: 宿命の大統領: シーズン1: 向かい火","2019/11/03"
"サバイバー: 宿命の大統領: シーズン1: ひとつの幕引き","2019/11/03"
"サバイバー: 宿命の大統領: シーズン1: 戦う者たち","2019/11/03"
"サバイバー: 宿命の大統領: シーズン1: 深まる疑念","2019/11/03"
"サバイバー: 宿命の大統領: シーズン1: シミュレーション","2019/11/03"
"サバイバー: 宿命の大統領: シーズン1: 信念が生み出すもの","2019/11/03"
"サバイバー: 宿命の大統領: シーズン1: 内通者の影","2019/11/03"
"サバイバー: 宿命の大統領: シーズン1: 2つの尋問","2019/11/03"
"サバイバー: 宿命の大統領: シーズン1: 命懸けの任務","2019/11/03"
"サバイバー: 宿命の大統領: シーズン1: 四方の敵","2019/11/03"
"サバイバー: 宿命の大統領: シーズン1: 誠実さの先に","2019/11/02"
"サバイバー: 宿命の大統領: シーズン1: 就任初日の騒乱","2019/11/02"
"サバイバー: 宿命の大統領: シーズン1: 指定生存者","2019/11/02"
"クィア・アイ in Japan!: シーズン1: 自分主演ローマの休日","2019/11/01"
"パリより愛をこめて","2019/11/01"
"Dr.STONE: シーズン1: 百の夜と千の空","2019/11/01"
"Dr.STONE: シーズン1: 幾千年物語","2019/10/25"
"クラウド アトラス","2019/10/24"
"オペレーション・フィナーレ","2019/10/23"
"エルカミーノ: ブレイキング・バッド THE MOVIE","2019/10/23"
"ザ・ランドロマット －パナマ文書流出－","2019/10/23"
"コンテイジョン","2019/10/23"
"アヴェンジメント","2019/10/22"
"テラスハウス: Tokyo 2019-2020: パート2: The Third Flower","2019/10/22"
"テラスハウス: Tokyo 2019-2020: パート2: The Stray Sheep","2019/10/18"
"Dr.STONE: シーズン1: 200万年の結晶","2019/10/18"
"愛なき森で叫べ","2019/10/14"
"ソルジャーズ～連合軍を救った男たち～","2019/10/13"
"エル ELLE","2019/10/12"
"インビクタス／負けざる者たち","2019/10/12"
"Dr.STONE: シーズン1: MASTER OF FLAME","2019/10/10"
"テラスハウス: Tokyo 2019-2020: パート2: Bros Before Hoes","2019/10/09"
"Dr.STONE: シーズン1: 仮面の戦士","2019/10/04"
"テラスハウス: Tokyo 2019-2020: パート2: This Is Not a Place to Slack","2019/10/01"
"ザ・マミー/呪われた砂漠の王女","2019/09/28"
"Dr.STONE: シーズン1: 背中合わせの仲間たち","2019/09/26"
"ワールド・オブ・ライズ","2019/09/25"
"ホームレス ニューヨークと寝た男","2019/09/22"
"Dr.STONE: シーズン1: CLEAR WORLD","2019/09/22"
"天才の頭の中: ビル・ゲイツを解読する: リミテッドシリーズ: パート3","2019/09/22"
"天才の頭の中: ビル・ゲイツを解読する: リミテッドシリーズ: パート2","2019/09/22"
"天才の頭の中: ビル・ゲイツを解読する: リミテッドシリーズ: パート1","2019/09/22"
"テラスハウス: Tokyo 2019-2020: パート2: Orange Flavor First Kiss","2019/09/18"
"ミリオンダラー・ベイビー","2019/09/16"
"グレートウォール","2019/09/16"
"テラスハウス: Tokyo 2019-2020: パート2: A Man's Worth is Determined By His Job","2019/09/15"
"Dr.STONE: シーズン1: 薄っぺらの同盟","2019/09/15"
"Dr.STONE: シーズン1: この手に科学の灯を","2019/09/08"
"テラスハウス: Tokyo 2019-2020: パート2: Just a Moment, Please","2019/09/04"
"テラスハウス: Tokyo 2019-2020: パート2: All or Nothing","2019/09/04"
"テラスハウス: Tokyo 2019-2020: パート1: Always Chillin'","2019/09/04"
"テラスハウス: Tokyo 2019-2020: パート1: Broccoli Pasta, Carbonara-Style","2019/09/04"
"テラスハウス: Tokyo 2019-2020: パート1: The Boy That Gets Treated","2019/09/04"
"テラスハウス: Tokyo 2019-2020: パート1: Girlfight","2019/09/04"
"テラスハウス: Tokyo 2019-2020: パート1: Passive Boys","2019/09/04"
"テラスハウス: Tokyo 2019-2020: パート1: Woman to Treat and Woman to Split the Check","2019/09/02"
"テラスハウス: Tokyo 2019-2020: パート1: The Grass is Greener on the Other Side","2019/09/01"
"TERRACE HOUSE: オープニング・ニュー・ドアーズ: Part 2: Best Actor in a Supporting Role","2019/09/01"
"テラスハウス: Tokyo 2019-2020: パート1: Reiwa!!","2019/09/01"
"テラスハウス: Tokyo 2019-2020: パート1: I Want to Be a Hero","2019/09/01"
"テラスハウス: Tokyo 2019-2020: パート1: Dreamed of Her","2019/09/01"
"テラスハウス: Tokyo 2019-2020: パート1: Tempura Incident","2019/08/31"
"Dr.STONE: シーズン1: STONE ROAD","2019/08/31"
"Dr.STONE: シーズン1: 200万年の在処","2019/08/31"
"Dr.STONE: シーズン1: 石の世界の二つの国","2019/08/31"
"全裸監督: シーズン1: 性革命","2019/08/30"
"全裸監督: シーズン1: 終わっちゃいない","2019/08/30"
"全裸監督: シーズン1: 誇大妄想","2019/08/30"
"全裸監督: シーズン1: 開花","2019/08/29"
"全裸監督: シーズン1: 本物","2019/08/28"
"全裸監督: シーズン1: ひっくり返すんだよ","2019/08/28"
"全裸監督: シーズン1: 無修正","2019/08/27"
"全裸監督: シーズン1: 裏の世界","2019/08/27"
"トランスポーター イグニション","2019/08/24"
"インポッシブル","2019/08/23"
"メカニック: ワールドミッション","2019/08/18"
"メカニック","2019/08/18"
"アナイアレイション －全滅領域－","2019/08/18"
"ベイビー・ドライバー","2019/08/11"
"ワイルド・スピード ICE BREAK","2019/08/10"
"Dr.STONE: シーズン1: STONE WORLD THE BEGINNING","2019/08/10"
"ウォーキング・デッド: シーズン4: 生存者たち","2019/08/04"
"ウォーキング・デッド: シーズン4: そして、独りに","2019/08/04"
"ウォーキング・デッド: シーズン4: 最期の決戦","2019/08/04"
"ウォーキング・デッド: シーズン4: 甦る過去","2019/08/04"
"ウォーキング・デッド: シーズン4: 葬られた過去","2019/08/03"
"ウォーキング・デッド: シーズン4: 遠のく希望","2019/08/03"
"Dr.STONE: シーズン1: 狼煙をあげろ","2019/08/03"
"ウォーキング・デッド: シーズン4: 傷だらけの絆","2019/08/02"
"ウォーキング・デッド: シーズン4: 集団感染","2019/08/02"
"ウォーキング・デッド: シーズン4: 新たな脅威","2019/08/02"
"ウォーキング・デッド: シーズン4: 嵐の前の静けさ","2019/08/02"
"ウォーキング・デッド: シーズン3: 奇襲攻撃","2019/08/02"
"ウォーキング・デッド: シーズン3: この世の定め","2019/08/02"
"ウォーキング・デッド: シーズン3: 逃れられない呪縛","2019/08/01"
"ウォーキング・デッド: シーズン3: 休戦協定","2019/08/01"
"ウォーキング・デッド: シーズン3: 守るべき思い出","2019/08/01"
"ウォーキング・デッド: シーズン3: 表と裏の狭間で","2019/08/01"
"ウォーキング・デッド: シーズン3: 宣戦布告","2019/07/31"
"ウォーキング・デッド: シーズン3: 死闘の果て","2019/07/30"
"ウォーキング・デッド: シーズン3: 悲しい再会","2019/07/30"
"ウォーキング・デッド: シーズン3: 隣り合わせの恐怖","2019/07/30"
"ウォーキング・デッド: シーズン1: 目覚めの朝","2019/07/30"
"ウォーキング・デッド: シーズン3: 届かぬ想い","2019/07/29"
"ウォーキング・デッド: シーズン3: 愛が狂った時","2019/07/29"
"ウォーキング・デッド: シーズン3: 命の決断","2019/07/29"
"ウォーキング・デッド: シーズン3: 暗黒の楽園","2019/07/29"
"ウォーキング・デッド: シーズン3: 縄張り争い","2019/07/29"
"ウォーキング・デッド: シーズン3: 厳しい冬を越えて","2019/07/29"
"ウォーキング・デッド: シーズン2: 壊れゆく人格","2019/07/29"
"ウォーキング・デッド: シーズン2: 深い森の中で","2019/07/29"
"ウォーキング・デッド: シーズン2: 生かすか殺すか","2019/07/29"
"ウォーキング・デッド: シーズン2: 決闘","2019/07/29"
"ウォーキング・デッド: シーズン2: 繰り返されるウソ","2019/07/29"
"ウォーキング・デッド: シーズン2: 希望という幻想","2019/07/29"
"ウォーキング・デッド: シーズン2: 死の定義","2019/07/29"
"ウォーキング・デッド: シーズン2: 明かされる秘密","2019/07/29"
"ウォーキング・デッド: シーズン2: 無限の生命力","2019/07/29"
"ウォーキング・デッド: シーズン2: 涙に咲く花","2019/07/29"
"ウォーキング・デッド: シーズン2: 最後の銃弾","2019/07/29"
"ウォーキング・デッド: シーズン2: 命の代償","2019/07/29"
"ウォーキング・デッド: シーズン2: 長い旅路の始まり","2019/07/29"
"ウォーキング・デッド: シーズン1: 残された希望","2019/07/29"
"ウォーキング・デッド: シーズン1: 救いを求めて","2019/07/29"
"ウォーキング・デッド: シーズン1: 弱肉強食","2019/07/29"
"ウォーキング・デッド: シーズン1: 命を懸ける価値","2019/07/29"
"ウォーキング・デッド: シーズン1: 生き残るための方法","2019/07/29"
"グレート・ハック: SNS史上最悪のスキャンダル","2019/07/27"
"ゲーム・ナイト","2019/07/27"
"Unit 42: ブリュッセル サイバー犯罪対策課: シーズン1: 生きる道","2019/07/27"
"Dr.STONE: シーズン1: 科学の武器","2019/07/27"
"L.A. ギャング ストーリー","2019/07/26"
"ビリー・リンの永遠の一日","2019/07/20"
"パーフェクト・カップルへの道: シーズン1: ためらい","2019/07/20"
"パーフェクト・カップルへの道: シーズン1: いらだち","2019/07/20"
"パーフェクト・カップルへの道: シーズン1: 愛とアザ","2019/07/19"
"パーフェクト・カップルへの道: シーズン1: 取りつかれた女","2019/07/19"
"Dr.STONE: シーズン1: KING OF THE STONE WORLD","2019/07/18"
"計算が導く予測","2019/07/18"
"スパイダーマン","2019/07/05"
"EVANGELION: DEATH (TRUE)²","2019/07/01"
"レディ・プレイヤー1","2019/06/30"
"オール・ユー・ニード・イズ・キル","2019/06/30"
"新世紀エヴァンゲリオン 劇場版 Air/まごころを、君に","2019/06/24"
"新世紀エヴァンゲリオン: シーズン1: 最終話 世界の中心でアイを叫んだけもの","2019/06/23"
"新世紀エヴァンゲリオン: シーズン1: 第弐拾伍話 終わる世界","2019/06/23"
"新世紀エヴァンゲリオン: シーズン1: 第弐拾四話 最後のシ者","2019/06/23"
"新世紀エヴァンゲリオン: シーズン1: 第弐拾参話 涙","2019/06/23"
"新世紀エヴァンゲリオン: シーズン1: 第弐拾弐話 せめて、人間らしく","2019/06/23"
"新世紀エヴァンゲリオン: シーズン1: 第弐拾壱話 ネルフ、誕生","2019/06/23"
"新世紀エヴァンゲリオン: シーズン1: 第弐拾話 心のかたち 人のかたち","2019/06/23"
"新世紀エヴァンゲリオン: シーズン1: 第拾九話 男の戰い","2019/06/23"
"新世紀エヴァンゲリオン: シーズン1: 第拾八話 命の選択を","2019/06/23"
"新世紀エヴァンゲリオン: シーズン1: 第拾七話 四人目の適格者","2019/06/23"
"新世紀エヴァンゲリオン: シーズン1: 第拾六話 死に至る病、そして","2019/06/22"
"新世紀エヴァンゲリオン: シーズン1: 第拾伍話 嘘と沈黙","2019/06/22"
"新世紀エヴァンゲリオン: シーズン1: 第拾四話 ゼーレ、魂の座","2019/06/22"
"新世紀エヴァンゲリオン: シーズン1: 第拾参話 使徒、侵入","2019/06/22"
"新世紀エヴァンゲリオン: シーズン1: 第拾弐話 奇跡の価値は","2019/06/22"
"新世紀エヴァンゲリオン: シーズン1: 第拾壱話 静止した闇の中で","2019/06/22"
"新世紀エヴァンゲリオン: シーズン1: 第拾話 マグマダイバー","2019/06/22"
"新世紀エヴァンゲリオン: シーズン1: 第九話 瞬間、心、重ねて","2019/06/22"
"新世紀エヴァンゲリオン: シーズン1: 第八話 アスカ、来日","2019/06/22"
"新世紀エヴァンゲリオン: シーズン1: 第七話 人の造りしもの","2019/06/22"
"新世紀エヴァンゲリオン: シーズン1: 第六話 決戦、第3新東京市","2019/06/22"
"新世紀エヴァンゲリオン: シーズン1: 第伍話 レイ、心のむこうに","2019/06/22"
"新世紀エヴァンゲリオン: シーズン1: 第四話 雨、逃げ出した後","2019/06/22"
"新世紀エヴァンゲリオン: シーズン1: 第参話 鳴らない、電話","2019/06/22"
"新世紀エヴァンゲリオン: シーズン1: 第弐話 見知らぬ、天井","2019/06/22"
"新世紀エヴァンゲリオン: シーズン1: 第壱話 使徒、襲来","2019/06/22"
"Unit 42: ブリュッセル サイバー犯罪対策課: シーズン1: 殺意の視線","2019/06/20"
"アメリカン・サイコ","2019/06/18"
"MEG ザ・モンスター","2019/06/17"
"パーフェクト ストーム","2019/06/16"
"アイ・アム・マザー","2019/06/13"
"ラン・オールナイト","2019/05/25"
"MONSTERZ モンスターズ","2019/05/24"
"世界侵略：ロサンゼルス決戦","2019/05/23"
"最後の一息","2019/05/21"
"山猫は眠らない7 狙撃手の血統","2019/05/17"
"ハルク","2019/04/30"
"ビューティフル・マインド","2019/04/28"
"ハンガー・ゲーム FINAL: レボリューション","2019/04/25"
"ハンガー・ゲーム FINAL: レジスタンス","2019/04/23"
"ハンガー・ゲーム 2","2019/04/23"
"ジェイソン・ボーン","2019/04/21"
"ボーン・アイデンティティー","2019/04/21"
"ボーン・レガシー","2019/04/20"
"ボーン・アルティメイタム","2019/04/20"
"ボーン・スプレマシー","2019/04/20"
"ハンニバル","2019/04/07"
"バック・トゥ・ザ・フューチャー","2019/04/05"
"スパイダーマン: ホームカミング","2019/04/05"
"ULTRAMAN: シーズン1: 本当のウルトラマン","2019/04/04"
"ULTRAMAN: シーズン1: エースキラー","2019/04/04"
"ULTRAMAN: シーズン1: そのままの君でいて","2019/04/04"
"ULTRAMAN: シーズン1: 星団評議会","2019/04/04"
"ULTRAMAN: シーズン1: はじめまして、兄さん","2019/04/04"
"ULTRAMAN: シーズン1: 真実の幕開け","2019/04/04"
"ULTRAMAN: シーズン1: 秘められた思い","2019/04/04"
"ULTRAMAN: シーズン1: ウルトラマンという呪い","2019/04/04"
"ULTRAMAN: シーズン1: 異星人の街","2019/04/04"
"ULTRAMAN: シーズン1: ウルトラマンやるのも悪くないかも","2019/04/04"
"ULTRAMAN: シーズン1: リミッター解除!","2019/04/04"
"ULTRAMAN: シーズン1: 逃れられない運命","2019/04/04"
"ULTRAMAN: シーズン1: この地球にあってはならない力","2019/04/04"
"トリプル・フロンティア","2019/03/31"
"怪しい伝説: シーズン4: ズボン爆発","2019/03/30"
"怪しい伝説: シーズン4: 派手な爆発方法","2019/03/30"
"怪しい伝説: シーズン4: 再検証編","2019/03/30"
"怪しい伝説: シーズン4: 祝砲の殺傷能力","2019/03/30"
"怪しい伝説: シーズン4: 魔法の絨毯に挑戦","2019/03/30"
"怪しい伝説: シーズン4: 体当たり凧で雷実験","2019/03/30"
"怪しい伝説: シーズン4: ヘリウム入りボールの飛距離","2019/03/30"
"怪しい伝説: シーズン4: 鏡で軍船炎上?","2019/03/30"
"怪しい伝説: シーズン4: 謎の飛行機写真を検証","2019/03/30"
"怪しい伝説: シーズン4: 紙と布で作る武器?","2019/03/30"
"怪しい伝説: シーズン4: 銃口に指を突っ込んだら?","2019/03/30"
"怪しい伝説: シーズン4: 安全靴は安全か?","2019/03/30"
"怪しい伝説: シーズン4: ウォッカの口臭予防効果","2019/03/30"
"怪しい伝説: シーズン4: 南北戦争のミサイル","2019/03/30"
"トランスフォーマー","2019/03/24"
"メッセージ","2019/03/22"
"宇宙の奇石: シーズン1: 息吹(いぶき)","2019/03/11"
"明けない闇の果て","2019/03/11"
"ランボー 最後の戦場","2019/03/11"
"ネイビーシールズ：チーム6","2019/03/10"
"アポロ13","2019/03/09"
"S.W.A.T.","2019/03/09"
"ダンケルク","2019/03/09"
"日本のいちばん長い日","2019/03/07"
"サブウェイ123 激突","2019/03/07"
"ワイルド・スピード EURO MISSION","2019/03/07"
"エリジウム","2019/03/07"
"ダンサー・イン・ザ・ダーク","2019/03/04"
"ランボー3/怒りのアフガン","2019/03/02"
"ランボー/怒りの脱出","2019/03/01"
"ランペイジ 巨獣大乱闘","2019/02/25"
"アメリカン・ギャングスター","2019/02/23"
"SUITS/スーツ: シーズン2: 去り行く者","2019/02/16"
"SUITS/スーツ: シーズン2: 変えられない事実","2019/02/16"
"SUITS/スーツ: シーズン2: 真の首謀者","2019/02/16"
"SUITS/スーツ: シーズン2: 昇進への切符","2019/02/16"
"SUITS/スーツ: シーズン2: ５年前の真相","2019/02/16"
"SUITS/スーツ: シーズン2: 対決か和解か","2019/02/12"
"SUITS/スーツ: シーズン2: オール･イン","2019/02/12"
"SUITS/スーツ: シーズン2: 問われる責任","2019/02/12"
"SUITS/スーツ: シーズン2: 宿敵の反撃","2019/02/12"
"SUITS/スーツ: シーズン2: 激しい攻防戦","2019/02/12"
"SUITS/スーツ: シーズン2: 強いられた決断","2019/02/12"
"SUITS/スーツ: シーズン2: 闘いの始まり","2019/02/12"
"SUITS/スーツ: シーズン1: 無実の服役囚","2019/02/11"
"SUITS/スーツ: シーズン1: ルール遵守","2019/02/11"
"SUITS/スーツ: シーズン1: 罪の代償","2019/02/11"
"SUITS/スーツ: シーズン1: 無敗の弁護士","2019/02/11"
"SUITS/スーツ: シーズン1: 敵と味方の境界線","2019/02/11"
"SUITS/スーツ: シーズン1: 模擬裁判","2019/02/11"
"SUITS/スーツ: シーズン1: インサイダー取引の謎","2019/02/11"
"SUITS/スーツ: シーズン1: 長年の親友","2019/02/11"
"SUITS/スーツ: シーズン1: 暴かれた秘密","2019/02/11"
"SUITS/スーツ: シーズン1: 経営者の資質","2019/02/11"
"SUITS/スーツ: シーズン1: 特許の罠","2019/02/11"
"SUITS/スーツ: シーズン1: 弁護士の条件／プロボノ 後編","2019/02/11"
"SUITS/スーツ: シーズン1: 弁護士の条件／プロボノ 前編","2019/02/11"
"THE FLASH/フラッシュ: シーズン1: 誕生","2019/02/09"
"ジャスティス・リーグ","2019/02/09"
"ベオウルフ/呪われし勇者","2019/02/09"
"ハクソー・リッジ","2019/02/05"
"ポーラー 狙われた暗殺者","2019/02/02"
"セレニティー","2019/01/29"
"パッセンジャー","2019/01/27"
"コードネーム エンジェル","2019/01/20"
"PUSH 光と闇の超能力者","2019/01/20"
"ジョー・ブラックをよろしく","2019/01/20"
"WASABI","2019/01/20"
"グッド・タイム","2019/01/19"
"ジョン・ウィック：チャプター2","2019/01/18"
"ジョン・ウィック","2019/01/18"
"ブラック・ミラー: シーズン4: 宇宙船カリスター号","2019/01/14"
"ブラック・ミラー: バンダースナッチ","2019/01/14"
"15時17分、パリ行き","2019/01/13"
"サイバー・リベンジャー","2019/01/13"
"パトリオット・デイ","2019/01/12"
"GODZILLA 星を喰う者","2019/01/11"
"LOST: シーズン3: 偽りの場所","2019/01/08"
"LOST: シーズン3: 誓い","2019/01/08"
"バード・ボックス","2019/01/06"
"LOST: シーズン3: 懺悔","2019/01/06"
"LOST: シーズン3: 自らのために生きよ","2019/01/06"
"LOST: シーズン3: 次なる導き","2019/01/06"
"LOST: シーズン3: ガラスのバレリーナ","2019/01/06"
"LOST: シーズン3: 囚われた者たち","2019/01/04"
"LOST: シーズン2: 破滅の刻","2019/01/03"
"LOST: シーズン2: 旅路の果て","2019/01/03"
"LOST: シーズン2: 隠された取引","2019/01/03"
"LOST: シーズン2: 死者の伝言","2019/01/03"
"LOST: シーズン2: 一丁の銃","2019/01/03"
"LOST: シーズン2: 救済の地","2019/01/03"
"LOST: シーズン2: 再会","2019/01/03"
"LOST: シーズン2: 封鎖","2019/01/03"
"LOST: シーズン2: 秘密","2019/01/03"
"LOST: シーズン2: 記憶の扉","2019/01/02"
"LOST: シーズン2: 捕らえられた男","2019/01/01"
"LOST: シーズン2: 詐欺の手口","2018/12/31"
"LOST: シーズン2: 天使の言葉","2018/12/31"
"LOST: シーズン2: 境界線","2018/12/30"
"LOST: シーズン2: 詩篇23章","2018/12/30"
"LOST: シーズン2: 彼女の事情","2018/12/30"
"LOST: シーズン2: 復讐","2018/12/30"
"LOST: シーズン2: 知られざる48日","2018/12/30"
"ドライヴ","2018/12/29"
"LOST: シーズン2: さまよう者","2018/12/29"
"LOST: シーズン2: 探しもの","2018/12/28"
"ターミナル","2018/12/27"
"インサイド・ザ・リアル・ナルコス: シーズン1: ペルー","2018/12/27"
"インサイド・ザ・リアル・ナルコス: シーズン1: コロンビア","2018/12/27"
"インサイド・ザ・リアル・ナルコス: シーズン1: メキシコ","2018/12/27"
"モーグリ: ジャングルの伝説","2018/12/26"
"クリスマス・クロニクル","2018/12/26"
"LOST: シーズン2: 憂鬱な仕事","2018/12/24"
"LOST: シーズン2: 信じる者","2018/12/22"
"LOST: シーズン2: 漂流","2018/12/22"
"LOST: シーズン2: 闇の底","2018/12/22"
"LOST: シーズン1: 漆黒の闇","2018/12/22"
"LOST: シーズン1: 暗黒地帯","2018/12/22"
"LOST: シーズン1: 迫りくる脅威","2018/12/22"
"LOST: シーズン1: タイムカプセル","2018/12/22"
"LOST: シーズン1: 悲しみの記憶","2018/12/21"
"LOST: シーズン1: 約束","2018/12/21"
"LOST: シーズン1: 啓示","2018/12/21"
"LOST: シーズン1: 数字","2018/12/21"
"LOST: シーズン1: 沈黙の陰","2018/12/21"
"LOST: シーズン1: 最期の言葉","2018/12/20"
"LOST: シーズン1: 守るべきもの","2018/12/20"
"LOST: シーズン1: 運命の子","2018/12/20"
"LOST: シーズン1: 絆","2018/12/17"
"LOST: シーズン1: ケースの中の過去","2018/12/17"
"LOST: シーズン1: 見えない足跡","2018/12/16"
"LOST: シーズン1: 予言","2018/12/16"
"LOST: シーズン1: 孤独の人","2018/12/16"
"LOST: シーズン1: 手紙","2018/12/16"
"LOST: シーズン1: 暗闇の中で","2018/12/16"
"LOST: シーズン1: 閉ざされた心","2018/12/16"
"LOST: シーズン1: 責任","2018/12/16"
"LOST: シーズン1: 運命","2018/12/16"
"LOST: シーズン1: 眠れぬ夜","2018/12/15"
"LOST: シーズン1: SOS","2018/12/15"
"LOST: シーズン1: 墜落","2018/12/15"
"アザーズ －捕食者－","2018/12/15"
"ジュピター","2018/12/12"
"ソーラー・ストライク","2018/12/12"
"THE WAVE / ザ・ウェイブ","2018/12/09"
"TERRACE HOUSE: オープニング・ニュー・ドアーズ: Part 2: The Christmas Assassin﻿","2018/12/06"
"キル・コマンド","2018/12/06"
"iBOY","2018/11/11"
"フローズン・グラウンド","2018/11/11"
"BLACK CROWS: イスラム国で暮らす: シーズン1: エピソード2","2018/11/10"
"BLACK CROWS: イスラム国で暮らす: シーズン1: エピソード1","2018/11/10"
"ペット 檻の中の乙女","2018/11/09"
"虐殺器官","2018/11/08"
"スティーブ・ジョブズ","2018/11/05"
"奇蹟がくれた数式","2018/11/04"
"タイタン","2018/11/03"
"スノーホワイト/氷の王国","2018/11/03"
"スノーホワイト","2018/11/03"
"シャドウ・エフェクト","2018/11/03"
"ジオストーム","2018/11/02"
"ブラッド・ファーザー","2018/10/23"
"人狼","2018/10/22"
"マイレージ、マイライフ","2018/10/21"
"潜入者","2018/10/17"
"6日間","2018/10/16"
"田村淳の地上波ではダメ! 絶対!: シーズン1: #01 ようこそ! 不倫さんSP!","2018/10/14"
"スノーデン","2018/10/14"
"7月22日","2018/10/13"
"GODZILLA 決戦機動増殖都市","2018/10/13"
"キスから始まるものがたり","2018/10/13"
"ミート・イーター 猟理の達人: シーズン7: エピソード9","2018/10/13"
"ミート・イーター 猟理の達人: シーズン7: エピソード8","2018/10/13"
"ミート・イーター 猟理の達人: シーズン7: エピソード7","2018/10/13"
"ミート・イーター 猟理の達人: シーズン7: エピソード6","2018/10/13"
"ミート・イーター 猟理の達人: シーズン7: エピソード5","2018/10/13"
"ミート・イーター 猟理の達人: シーズン7: エピソード4","2018/10/13"
"ミート・イーター 猟理の達人: シーズン7: エピソード3","2018/10/13"
"ミート・イーター 猟理の達人: シーズン7: エピソード2","2018/10/13"
"ミート・イーター 猟理の達人: シーズン7: エピソード1","2018/10/13"
"マーキュリー・ライジング","2018/09/24"
"ブライト","2018/09/24"
"ローン・サバイバー","2018/09/23"
"ネイビーシールズ","2018/09/22"
"アンブロークン 不屈の男","2018/09/22"
"ドント・ブリーズ","2018/09/21"
"GODZILLA 怪獣惑星: パート1: 怪獣惑星","2018/09/19"
"キス・ミー・ファースト: シーズン1: 友達は裏切る","2018/09/19"
"キス・ミー・ファースト: シーズン1: 救えない心","2018/09/18"
"キス・ミー・ファースト: シーズン1: ウソだと言って","2018/09/17"
"キス・ミー・ファースト: シーズン1: 彼女がしたこと","2018/09/17"
"ネクスト ロボ","2018/09/17"
"エクスティンクション 地球奪還","2018/09/17"
"バイオハザード:ザ・ファイナル","2018/09/17"
"あと1センチの恋","2018/09/16"
"IT/イット それが見えたら、終わり。","2018/09/16"
"ワンダーウーマン","2018/09/16"
"アメリカン・スナイパー","2018/09/16"
